﻿<?xml version="1.0" encoding="utf-8"?>
<Window>
  <Font name="微软雅黑" size="12" bold="false" default="true" />
  <Font name="微软雅黑" size="12" bold="true"/>
  <Default name="Menu" value="inset=&quot;2,2,2,2&quot; itemtextpadding=&quot;30,0,0,0&quot; bkimage=&quot;file='menu_bk.png' restype='png' corner='30,8,8,8'&quot; hole=&quot;false&quot;" />
  <Menu>
    <MenuElement text="     新建        ">
        <MenuElement text="     新建        "/>
        <MenuElement text="     新建        "/>
    </MenuElement>
    <MenuElement text="     打开        " />
    <MenuElement name="test" text="     关闭        "/> 
  </Menu>
</Window>