﻿<?xml version="1.0" encoding="utf-8"?>
<Window caption="0,0,0,36" roundcorner="5,5" size="300,400" sizebox="6,6,6,6" mininfo="80,60">
  <Font name="微软雅黑" size="12" bold="false" default="true" />
  <Font name="微软雅黑" size="12" bold="true"/>  
  <VerticalLayout bkcolor="#FFFFFFFF" bordersize="2" bordercolor="#FF0934DA">
    <HorizontalLayout name="header" height="36" bkcolor="#FF4775CC">
      <HorizontalLayout>
        <Control width="10"/>
        <Button name="btn_menu" text="文件" focusbordercolor="#FFA6CAF0" font="1" width="60" height="30"/>
      </HorizontalLayout>
      <HorizontalLayout height="25" width="96">
        <Button name="minbtn" tooltip="最小化" height="18" width="26" normalimage="file='minimize.png' restype='png'" hotimage="file='minimize_h.png' restype='png'" pushedimage="file='minimize_p.png' restype='png'"/>
        <Button name="maxbtn" tooltip="最大化" height="18" width="25" normalimage="file='maximize.png' restype='png'" hotimage="file='maximize_h.png' restype='png'" pushedimage="file='maximize_p.png' restype='png'"/>
        <Button name="restorebtn" visible="false" tooltip="恢复" height="18" width="25" normalimage="file='restore.png' restype='png'" hotimage="file='restore_h.png' restype='png'" pushedimage="file='restore_p.png' restype='png'"/>
        <Button name="closebtn" tooltip="关闭" height="18" width="43" normalimage="file='close.png' restype='png'" hotimage="file='close_h.png' restype='png'" pushedimage="file='close_p.png' restype='png'"/>
      </HorizontalLayout>
    </HorizontalLayout>

    <VerticalLayout>
	<RichEdit  vscrollbar="true" name="testrichedit1"   inset="4,2,4,2" bkcolor="#FFFFFFFF" nativebkcolor="#FFFFFFFF" font="1" keyboard="true"/>
    </VerticalLayout>

  </VerticalLayout>
</Window>