<?xml version="1.0" encoding="utf-8"?>
<Window>
  <Font name="微软雅黑" size="12" bold="false" default="true" />
  <Font name="微软雅黑" size="12" bold="true"/>
  <Default name="Menu" value="inset=&quot;2,2,2,2&quot; itemtextpadding=&quot;30,0,0,0&quot; bkimage=&quot;file='menu_bk.png' restype='png' corner='30,8,8,8'&quot; hole=&quot;false&quot;" />
  <Menu>
		<MenuElement name="menu_Open" text="打开" />
		<MenuElement name="menu_Mark"  text="标注" />
		<MenuElement name="menu_Delete"  text="删除" />
	</Menu>
</Window>

